<metadata xml:lang="en"><Esri><CreaDate>20150717</CreaDate><CreaTime>11571100</CreaTime><ArcGISFormat>1.0</ArcGISFormat><ArcGISstyle>FGDC CSDGM Metadata</ArcGISstyle><SyncOnce>FALSE</SyncOnce><DataProperties><itemProps><itemName Sync="TRUE">Abandoned Well Map_GCS_NAD83</itemName><nativeExtBox><westBL Sync="TRUE">-119.998829</westBL><eastBL Sync="TRUE">-110.005051</eastBL><southBL Sync="TRUE">48.997462</southBL><northBL Sync="TRUE">59.993793</northBL><exTypeCode Sync="TRUE">1</exTypeCode></nativeExtBox><itemSize Sync="TRUE">4.555</itemSize><itemLocation><linkage Sync="TRUE">file://\\CalFsrv\Share0\Information Management\Info Sharing and Tracking\Spatial Data Products\Data\Abandoned Wells Metadata\SHP\Abandoned Well Map_GCS_NAD83.shp</linkage><protocol Sync="TRUE">Local Area Network</protocol></itemLocation><imsContentType Sync="TRUE" export="False">002</imsContentType></itemProps><coordRef><type Sync="TRUE">Geographic</type><geogcsn Sync="TRUE">GCS_North_American_1983</geogcsn><csUnits Sync="TRUE">Angular Unit: Degree (0.017453)</csUnits><peXml Sync="TRUE">&lt;GeographicCoordinateSystem xsi:type='typens:GeographicCoordinateSystem' xmlns:xsi='http://www.w3.org/2001/XMLSchema-instance' xmlns:xs='http://www.w3.org/2001/XMLSchema' xmlns:typens='http://www.esri.com/schemas/ArcGIS/10.1'&gt;&lt;WKT&gt;GEOGCS[&amp;quot;GCS_North_American_1983&amp;quot;,DATUM[&amp;quot;D_North_American_1983&amp;quot;,SPHEROID[&amp;quot;GRS_1980&amp;quot;,6378137.0,298.257222101]],PRIMEM[&amp;quot;Greenwich&amp;quot;,0.0],UNIT[&amp;quot;Degree&amp;quot;,0.0174532925199433],AUTHORITY[&amp;quot;EPSG&amp;quot;,4269]]&lt;/WKT&gt;&lt;XOrigin&gt;-400&lt;/XOrigin&gt;&lt;YOrigin&gt;-400&lt;/YOrigin&gt;&lt;XYScale&gt;11258999068426.238&lt;/XYScale&gt;&lt;ZOrigin&gt;-100000&lt;/ZOrigin&gt;&lt;ZScale&gt;10000&lt;/ZScale&gt;&lt;MOrigin&gt;-100000&lt;/MOrigin&gt;&lt;MScale&gt;10000&lt;/MScale&gt;&lt;XYTolerance&gt;8.9831528411952133e-009&lt;/XYTolerance&gt;&lt;ZTolerance&gt;0.001&lt;/ZTolerance&gt;&lt;MTolerance&gt;0.001&lt;/MTolerance&gt;&lt;HighPrecision&gt;true&lt;/HighPrecision&gt;&lt;LeftLongitude&gt;-180&lt;/LeftLongitude&gt;&lt;WKID&gt;4269&lt;/WKID&gt;&lt;LatestWKID&gt;4269&lt;/LatestWKID&gt;&lt;/GeographicCoordinateSystem&gt;</peXml></coordRef></DataProperties><SyncDate>20180830</SyncDate><SyncTime>08123100</SyncTime><ModDate>20180830</ModDate><ModTime>08123100</ModTime><scaleRange><minScale>150000000</minScale><maxScale>5000</maxScale></scaleRange><ArcGISProfile>NAP</ArcGISProfile></Esri><eainfo><detailed Name="Abandoned Well Map_GCS_NAD83" xmlns=""><enttyp><enttypl Sync="TRUE">Abandoned Well Map_GCS_NAD83</enttypl><enttypt Sync="TRUE">Feature Class</enttypt><enttypc Sync="TRUE">170574</enttypc><enttypd>The Abandoned Well dataset represents the license status, location, licensee of record and other basic information for all the abandoned wells across the Province of Alberta. This data is extracted from the AER's database which contains information provided by industry. These wells are licensed by the AER and have been positioned according to the AER records</enttypd><enttypds>AER (Alberta Energy Regulator)</enttypds></enttyp><attr xmlns=""><attrlabl Sync="TRUE">FID</attrlabl><attalias Sync="TRUE">FID</attalias><attrtype Sync="TRUE">OID</attrtype><attwidth Sync="TRUE">4</attwidth><atprecis Sync="TRUE">0</atprecis><attscale Sync="TRUE">0</attscale><attrdef Sync="TRUE">Internal feature number.</attrdef><attrdefs Sync="TRUE">Esri</attrdefs><attrdomv><udom Sync="TRUE">Sequential unique whole numbers that are automatically generated.</udom></attrdomv></attr><attr xmlns=""><attrlabl Sync="TRUE">Shape</attrlabl><attalias Sync="TRUE">Shape</attalias><attrtype Sync="TRUE">Geometry</attrtype><attwidth Sync="TRUE">0</attwidth><atprecis Sync="TRUE">0</atprecis><attscale Sync="TRUE">0</attscale><attrdef Sync="TRUE">Feature geometry.</attrdef><attrdefs Sync="TRUE">Esri</attrdefs><attrdomv><udom Sync="TRUE">Coordinates defining the features.</udom></attrdomv></attr><attr xmlns=""><attrlabl Sync="TRUE">Licence</attrlabl><attalias Sync="TRUE">Licence</attalias><attrtype Sync="TRUE">String</attrtype><attwidth Sync="TRUE">9</attwidth><atprecis Sync="TRUE">0</atprecis><attscale Sync="TRUE">0</attscale><attrdef>Unique number identifying the previous licence when the licensee who abandoned the well is different from the licensee who re-entered the well at a later time.</attrdef><attrdefs>AER (Alberta Energy Regulator)</attrdefs></attr><attr xmlns=""><attrlabl Sync="TRUE">Licensee</attrlabl><attalias Sync="TRUE">Licensee</attalias><attrtype Sync="TRUE">String</attrtype><attwidth Sync="TRUE">56</attwidth><atprecis Sync="TRUE">0</atprecis><attscale Sync="TRUE">0</attscale><attrdef>Name of the business associate, usually the legal name. A business associate's name can change over time.</attrdef><attrdefs>AER (Alberta Energy Regulator)</attrdefs></attr><attr xmlns=""><attrlabl Sync="TRUE">Status</attrlabl><attalias Sync="TRUE">Status</attalias><attrtype Sync="TRUE">String</attrtype><attwidth Sync="TRUE">12</attwidth><atprecis Sync="TRUE">0</atprecis><attscale Sync="TRUE">0</attscale><attrdef>Current status of the licence.  Reflects the administrative process of the licence such as Issued, Amended, Cancelled, Abandoned, etc.</attrdef><attrdefs>AER (Alberta Energy Regulator)</attrdefs></attr><attr xmlns=""><attrlabl Sync="TRUE">Lat</attrlabl><attalias Sync="TRUE">Lat</attalias><attrtype Sync="TRUE">Double</attrtype><attwidth Sync="TRUE">9</attwidth><atprecis Sync="TRUE">8</atprecis><attscale Sync="TRUE">8</attscale><attrdef>The actual latitude of the surface hole.</attrdef><attrdefs>AER (Alberta Energy Regulator)</attrdefs></attr><attr xmlns=""><attrlabl Sync="TRUE">Long</attrlabl><attalias Sync="TRUE">Long</attalias><attrtype Sync="TRUE">Double</attrtype><attwidth Sync="TRUE">11</attwidth><atprecis Sync="TRUE">10</atprecis><attscale Sync="TRUE">10</attscale><attrdef>The actual longitude of the surface hole.</attrdef><attrdefs>AER (Alberta Energy Regulator)</attrdefs></attr><attr xmlns=""><attrlabl Sync="TRUE">Fluid</attrlabl><attalias Sync="TRUE">Fluid</attalias><attrtype Sync="TRUE">String</attrtype><attwidth Sync="TRUE">254</attwidth><atprecis Sync="TRUE">0</atprecis><attscale Sync="TRUE">0</attscale><attrdef>The fluid status component of the primary status for the well bore.  This is a status selected by a prioritization algorithm from statuses of all production strings within the well bore.</attrdef><attrdefs>AER (Alberta Energy Regulator)</attrdefs></attr><attr xmlns=""><attrlabl Sync="TRUE">SurfLoc</attrlabl><attalias Sync="TRUE">SurfLoc</attalias><attrtype Sync="TRUE">String</attrtype><attwidth Sync="TRUE">15</attwidth><atprecis Sync="TRUE">0</atprecis><attscale Sync="TRUE">0</attscale><attrdef>The Legal land description that descrihes the surface hole location of the well.</attrdef><attrdefs>AER (Alberta Energy Regulator)</attrdefs></attr><attr xmlns=""><attrlabl Sync="TRUE">LicenseeID</attrlabl><attalias Sync="TRUE">LicenseeID</attalias><attrtype Sync="TRUE">String</attrtype><attwidth Sync="TRUE">4</attwidth><atprecis Sync="TRUE">0</atprecis><attscale Sync="TRUE">0</attscale><attrdef>A code which uniquely identifies the business associate.</attrdef><attrdefs>AER (Alberta Energy Regulator)</attrdefs></attr><attr xmlns=""><attrlabl Sync="TRUE">Address1</attrlabl><attalias Sync="TRUE">Address1</attalias><attrtype Sync="TRUE">String</attrtype><attwidth Sync="TRUE">50</attwidth><atprecis Sync="TRUE">0</atprecis><attscale Sync="TRUE">0</attscale><attrdef>First address line of the business associate corporate address.</attrdef><attrdefs>AER (Alberta Energy Regulator)</attrdefs></attr><attr xmlns=""><attrlabl Sync="TRUE">Address2</attrlabl><attalias Sync="TRUE">Address2</attalias><attrtype Sync="TRUE">String</attrtype><attwidth Sync="TRUE">50</attwidth><atprecis Sync="TRUE">0</atprecis><attscale Sync="TRUE">0</attscale><attrdef>Second address line of the business associate corporate address.</attrdef><attrdefs>AER (Alberta Energy Regulator)</attrdefs></attr><attr xmlns=""><attrlabl Sync="TRUE">City</attrlabl><attalias Sync="TRUE">City</attalias><attrtype Sync="TRUE">String</attrtype><attwidth Sync="TRUE">40</attwidth><atprecis Sync="TRUE">0</atprecis><attscale Sync="TRUE">0</attscale><attrdef>City of the business associate corporate address.</attrdef><attrdefs>AER (Alberta Energy Regulator)</attrdefs></attr><attr xmlns=""><attrlabl Sync="TRUE">Province</attrlabl><attalias Sync="TRUE">Province</attalias><attrtype Sync="TRUE">String</attrtype><attwidth Sync="TRUE">10</attwidth><atprecis Sync="TRUE">0</atprecis><attscale Sync="TRUE">0</attscale><attrdef>Province or state of the business associate corporate address.</attrdef><attrdefs>AER (Alberta Energy Regulator)</attrdefs></attr><attr xmlns=""><attrlabl Sync="TRUE">PostalCode</attrlabl><attalias Sync="TRUE">PostalCode</attalias><attrtype Sync="TRUE">String</attrtype><attwidth Sync="TRUE">20</attwidth><atprecis Sync="TRUE">0</atprecis><attscale Sync="TRUE">0</attscale><attrdef>Code assigned by the postal service identifying a mail delivery zone.</attrdef><attrdefs>AER (Alberta Energy Regulator)</attrdefs></attr><attr xmlns=""><attrlabl Sync="TRUE">Phone</attrlabl><attalias Sync="TRUE">Phone</attalias><attrtype Sync="TRUE">String</attrtype><attwidth Sync="TRUE">20</attwidth><atprecis Sync="TRUE">0</atprecis><attscale Sync="TRUE">0</attscale><attrdef>Phone number associated with the business associate corporate address.</attrdef><attrdefs>AER (Alberta Energy Regulator)</attrdefs></attr></detailed></eainfo><mdLang><languageCode value="eng"/><countryCode value="USA" Sync="TRUE"/></mdLang><mdChar><CharSetCd value="004"/></mdChar><mdHrLv><ScopeCd value="005"/></mdHrLv><mdStanName>ArcGIS Metadata</mdStanName><mdStanVer>1.0</mdStanVer><dataIdInfo><envirDesc Sync="TRUE">Microsoft Windows 7 Version 6.1 (Build 7601) Service Pack 1; Esri ArcGIS 10.1.1.3300</envirDesc><dataLang><languageCode value="eng" Sync="TRUE"/><countryCode value="USA" Sync="TRUE"/></dataLang><idCitation xmlns=""><resTitle Sync="TRUE">Abandoned Well Map_GCS_NAD83</resTitle><presForm xmlns=""><PresFormCd value="005" Sync="TRUE"/></presForm><citRespParty><rpOrgName>AER (Alberta Energy Regulator)</rpOrgName><role><RoleCd value="006"/></role></citRespParty></idCitation><spatRpType><SpatRepTypCd value="001" Sync="TRUE"/></spatRpType><dataExt><geoEle xmlns=""><GeoBndBox esriExtentType="search"><exTypeCode Sync="TRUE">1</exTypeCode><westBL Sync="TRUE">-119.998829</westBL><eastBL Sync="TRUE">-110.005051</eastBL><northBL Sync="TRUE">59.993793</northBL><southBL Sync="TRUE">48.997462</southBL></GeoBndBox></geoEle></dataExt><idPurp>The purpose of this data set is to maintain a current record of abandoned well locations in the Province of Alberta. This data represents the best information available to the AER at the date of publication and specific well information should be obtained by the licensee of the record.</idPurp><idAbs>&lt;DIV STYLE="text-align:Left;"&gt;&lt;DIV&gt;&lt;DIV&gt;&lt;P STYLE="margin:0 0 7 0;"&gt;&lt;SPAN&gt;&lt;SPAN&gt;The Abandoned Well dataset represents the license status, location, licensee of record and other basic information for all the abandoned wells across the Province of Alberta. This data is extracted from the AER's database which contains information provided by industry. These wells are licensed by the AER and have been positioned according to the AER records.&lt;/SPAN&gt;&lt;/SPAN&gt;&lt;/P&gt;&lt;P&gt;&lt;SPAN /&gt;&lt;/P&gt;&lt;/DIV&gt;&lt;/DIV&gt;&lt;/DIV&gt;</idAbs><idCredit>AER (Alberta Energy Regulator)</idCredit><resConst><Consts><useLimit>&lt;DIV STYLE="text-align:Left;"&gt;&lt;DIV&gt;&lt;DIV&gt;&lt;P STYLE="margin:0 0 7 0;"&gt;&lt;SPAN&gt;&lt;SPAN&gt;Purchasers of the AER data files are permitted to use the files to select and process data for internal or client use and to release copies of small portions of the files on computer media, that result from specialized retrievals, to their clients; copying of a complete file or a large portion of a file for resale is not permitted.&lt;/SPAN&gt;&lt;/SPAN&gt;&lt;/P&gt;&lt;P&gt;&lt;SPAN /&gt;&lt;/P&gt;&lt;/DIV&gt;&lt;/DIV&gt;&lt;/DIV&gt;</useLimit></Consts></resConst><idPoC><rpOrgName>AER (Alberta Energy Regulator)</rpOrgName><role><RoleCd value="007"/></role></idPoC><resMaint><maintFreq><MaintFreqCd value="002"/></maintFreq><maintCont><rpOrgName>AER (Alberta Energy Regulator)</rpOrgName><role><RoleCd value="007"/></role></maintCont></resMaint><resConst><SecConsts><class><ClasscationCd value="001"/></class><classSys>Government of Alberta Security Classification Guidelines: http://www.im.gov.ab.ca/publications/pdf/InfoSecurityClassification.pdf</classSys></SecConsts></resConst><resConst><LegConsts><othConsts>Data is available to customers via one time, quarterly and monthly updates. The general public must acquire this data from the Information Services Branch of the AER</othConsts></LegConsts></resConst></dataIdInfo><distInfo xmlns=""><distFormat xmlns=""><formatName Sync="TRUE">Shapefile</formatName></distFormat><distTranOps xmlns=""><transSize Sync="TRUE">4.555</transSize></distTranOps><distributor xmlns=""><distorCont><rpOrgName>AER Information Services</rpOrgName><role><RoleCd value="005"/></role><rpCntInfo><cntAddress addressType="both"><city>Calgary</city><adminArea>Alberta</adminArea><postCode>T2P 0R4 </postCode><country>CA</country><delPoint>250 - 5 Street SW </delPoint><delPoint>Suite 1000</delPoint></cntAddress><cntPhone><voiceNum tddtty="">14032978311</voiceNum></cntPhone><cntHours>8 am - 4:30 pm</cntHours></rpCntInfo></distorCont></distributor></distInfo><mdHrLvName Sync="TRUE">dataset</mdHrLvName><refSysInfo><RefSystem dimension="horizontal"><refSysID xmlns=""><identCode code="4269" Sync="TRUE" value="4269"/><idCodeSpace Sync="TRUE">EPSG</idCodeSpace><idVersion Sync="TRUE">7.11.2</idVersion></refSysID></RefSystem></refSysInfo><spatRepInfo><VectSpatRep><geometObjs Name="Abandoned Well Map_GCS_NAD83"><geoObjTyp><GeoObjTypCd value="004" Sync="TRUE"></GeoObjTypCd></geoObjTyp><geoObjCnt Sync="TRUE">170574</geoObjCnt></geometObjs><topLvl><TopoLevCd value="001" Sync="TRUE"></TopoLevCd></topLvl></VectSpatRep></spatRepInfo><spdoinfo><ptvctinf><esriterm Name="Abandoned Well Map_GCS_NAD83"><efeatyp Sync="TRUE">Simple</efeatyp><efeageom code="1" Sync="TRUE"></efeageom><esritopo Sync="TRUE">FALSE</esritopo><efeacnt Sync="TRUE">170574</efeacnt><spindex Sync="TRUE">FALSE</spindex><linrefer Sync="TRUE">FALSE</linrefer></esriterm></ptvctinf></spdoinfo><mdDateSt Sync="TRUE">20180830</mdDateSt><dqInfo xmlns=""><dqScope><scpLvl><ScopeCd value="005"/></scpLvl></dqScope><report type="" dimension="horizontal" xmlns=""><measDesc>This data represents the best information available to the AER at the date of publication and specific well information should be obtained by the licensee of the record</measDesc></report><dataLineage><statement>The Abandoned Well dataset represents the license status, location, licensee of record and other basic information for all the abandoned wells across the Province of Alberta. This data is extracted from the AER's database which contains information provided by industry. These wells are licensed by the AER and have been positioned according to the AER records.</statement></dataLineage></dqInfo><mdFileID>68D35FFE-748E-4DF1-8676-75AC6818EADA</mdFileID></metadata>
